<?xml version="1.0" encoding="utf-8"?>
<odoo>

    <record id="pcg_58" model="account.account.template">
      <field name="name">Virements Internes</field>
      <field name="code">58</field>
      <field name="user_type_id" ref="account.data_account_type_current_assets"/>
      <field name="reconcile" eval="True"/>
    </record>

    <record id="l10n_dz_pcg_chart_template" model="account.chart.template">
        <field name="name">Plan Comptable Général (Algerie)</field>
        <field name="currency_id" ref="base.DZD"/>
        <field name="code_digits" eval="6"/>
        <field name="bank_account_code_prefix">512</field>
        <field name="cash_account_code_prefix">53</field>
        <field name="transfer_account_id" ref="pcg_58"/>
    </record>

    <record id="pcg_58" model="account.account.template">
      <field name="chart_template_id" ref="l10n_dz_pcg_chart_template"/>
    </record>
</odoo>
